{"cameraMode":{"drawMode":0,"name":"Shaded","section":"Shading Mode"},"sceneLighting":false,"audioPlay":false,"sceneViewState":{"m_AlwaysRefresh":false,"showFog":false,"showSkybox":false,"showFlares":false,"showImageEffects":false,"showParticleSystems":false,"showVisualEffectGraphs":true,"m_FxEnabled":true},"in2DMode":false,"pivot":{"x":-0.04957461357116699,"y":3.6558947563171388,"z":0.0783349871635437},"rotation":{"x":0.0076740337535738949,"y":-0.9923146963119507,"z":0.08444847166538239,"w":0.09016279876232147},"size":4.192877292633057,"orthographic":false}