{"cameraMode":{"drawMode":0,"name":"Shaded","section":"Shading Mode"},"sceneLighting":false,"audioPlay":false,"sceneViewState":{"m_AlwaysRefresh":false,"showFog":true,"showSkybox":false,"showFlares":true,"showImageEffects":true,"showParticleSystems":true,"showVisualEffectGraphs":true,"m_FxEnabled":true},"in2DMode":false,"pivot":{"x":110.24916076660156,"y":4.812522888183594,"z":171.27000427246095},"rotation":{"x":-0.10867094248533249,"y":0.015500721521675587,"z":-0.0016850212123245,"w":-0.9939607977867127},"size":2.522094488143921,"orthographic":true}