{"cameraMode":{"drawMode":0,"name":"Shaded","section":"Shading Mode"},"sceneLighting":true,"audioPlay":false,"sceneViewState":{"m_AlwaysRefresh":false,"showFog":true,"showSkybox":true,"showFlares":true,"showImageEffects":true,"showParticleSystems":true,"showVisualEffectGraphs":true,"m_FxEnabled":true},"in2DMode":false,"pivot":{"x":230.90768432617188,"y":-1.0609331130981446,"z":-0.24736595153808595},"rotation":{"x":-0.116550013422966,"y":-0.5727265477180481,"z":0.08269573003053665,"w":-0.8071934580802918},"size":16.655162811279298,"orthographic":true}