{"cameraMode":{"drawMode":0,"name":"Shaded","section":"Shading Mode"},"sceneLighting":false,"audioPlay":false,"sceneViewState":{"m_AlwaysRefresh":false,"showFog":false,"showSkybox":false,"showFlares":false,"showImageEffects":false,"showParticleSystems":false,"showVisualEffectGraphs":true,"m_FxEnabled":true},"in2DMode":false,"pivot":{"x":-0.019435763359069825,"y":3.8623085021972658,"z":0.14319729804992677},"rotation":{"x":0.09601318836212158,"y":-0.8442490696907044,"z":0.16149058938026429,"w":0.5019431710243225},"size":4.241919040679932,"orthographic":false}