{"cameraMode":{"drawMode":0,"name":"Shaded","section":"Shading Mode"},"sceneLighting":true,"audioPlay":false,"sceneViewState":{"m_AlwaysRefresh":false,"showFog":true,"showSkybox":true,"showFlares":true,"showImageEffects":true,"showParticleSystems":true,"showVisualEffectGraphs":true,"m_FxEnabled":true},"in2DMode":false,"pivot":{"x":203.43946838378907,"y":9.175277709960938,"z":-16.577117919921876},"rotation":{"x":-0.035410694777965549,"y":0.9132286906242371,"z":-0.08131742477416992,"w":-0.3976770043373108},"size":11.754775047302246,"orthographic":false}