{"cameraMode":{"drawMode":0,"name":"Shaded","section":"Shading Mode"},"sceneLighting":false,"audioPlay":false,"sceneViewState":{"m_AlwaysRefresh":false,"showFog":true,"showSkybox":false,"showFlares":true,"showImageEffects":true,"showParticleSystems":true,"showVisualEffectGraphs":true,"m_FxEnabled":true},"in2DMode":false,"pivot":{"x":-0.03857898712158203,"y":0.8363140225410461,"z":-0.07641911506652832},"rotation":{"x":0.12028965353965759,"y":0.791326642036438,"z":-0.5762386918067932,"w":0.16519130766391755},"size":2.3033831119537355,"orthographic":true}